{"cameraMode":{"drawMode":0,"name":"Shaded","section":"Shading Mode"},"sceneLighting":false,"audioPlay":false,"sceneViewState":{"showFog":true,"showMaterialUpdate":true,"showSkybox":false,"showFlares":true,"showImageEffects":true,"showParticleSystems":true},"in2DMode":false,"pivot":{"x":-0.8669734597206116,"y":0.5771199464797974,"z":-0.06060273200273514},"rotation":{"x":0.1419999599456787,"y":-0.7879583239555359,"z":0.19785408675670625,"w":0.5655187964439392},"size":4.829526901245117,"orthographic":false}