{"cameraMode":{"drawMode":0,"name":"Shaded","section":"Shading Mode"},"sceneLighting":true,"audioPlay":false,"sceneViewState":{"showFog":true,"showMaterialUpdate":true,"showSkybox":false,"showFlares":true,"showImageEffects":true,"showParticleSystems":true},"in2DMode":false,"pivot":{"x":-19.18465805053711,"y":-0.7240051031112671,"z":-4.236839294433594},"rotation":{"x":0.004827613476663828,"y":0.9696287512779236,"z":-0.24377888441085816,"w":0.019202204421162607},"size":9.472711563110352,"orthographic":false}