{"cameraMode":{"drawMode":0,"name":"Shaded","section":"Shading Mode"},"sceneLighting":true,"audioPlay":false,"sceneViewState":{"showFog":false,"showMaterialUpdate":false,"showSkybox":false,"showFlares":false,"showImageEffects":false,"showParticleSystems":false},"in2DMode":false,"pivot":{"x":-9.362443923950196,"y":1.1276026964187623,"z":-3.027564764022827},"rotation":{"x":0.2756115198135376,"y":0.19917753338813783,"z":-0.05848795175552368,"w":0.9385871291160584},"size":7.908828258514404,"orthographic":false}