{"cameraMode":{"drawMode":0,"name":"Shaded","section":"Shading Mode"},"sceneLighting":false,"audioPlay":false,"sceneViewState":{"showFog":true,"showMaterialUpdate":false,"showSkybox":false,"showFlares":true,"showImageEffects":true,"showParticleSystems":true},"in2DMode":false,"pivot":{"x":0.5243663787841797,"y":0.6492723226547241,"z":0.6406741142272949},"rotation":{"x":0.048784978687763217,"y":0.946078896522522,"z":-0.17010478675365449,"w":0.2713286280632019},"size":3.4414780139923097,"orthographic":false}