{"cameraMode":{"drawMode":0,"name":"Shaded","section":"Shading Mode"},"sceneLighting":false,"audioPlay":false,"sceneViewState":{"showFog":false,"showMaterialUpdate":false,"showSkybox":false,"showFlares":false,"showImageEffects":false,"showParticleSystems":false},"in2DMode":false,"pivot":{"x":0.832622766494751,"y":-0.028908371925354005,"z":0.8449908494949341},"rotation":{"x":-0.27333903312683108,"y":-0.41920986771583559,"z":0.133965402841568,"w":-0.8553374409675598},"size":2.8578948974609377,"orthographic":false}