{"cameraMode":{"drawMode":0,"name":"Shaded","section":"Shading Mode"},"sceneLighting":false,"audioPlay":false,"sceneViewState":{"showFog":true,"showMaterialUpdate":true,"showSkybox":false,"showFlares":true,"showImageEffects":true,"showParticleSystems":true},"in2DMode":false,"pivot":{"x":0.10000002384185791,"y":1.0750808715820313,"z":1.2927080392837525},"rotation":{"x":0.13548584282398225,"y":-0.8620298504829407,"z":0.30834099650382998,"w":0.37877967953681948},"size":4.780240058898926,"orthographic":false}