{"cameraMode":{"drawMode":0,"name":"Shaded","section":"Shading Mode"},"sceneLighting":true,"audioPlay":false,"sceneViewState":{"showFog":false,"showMaterialUpdate":false,"showSkybox":false,"showFlares":false,"showImageEffects":false,"showParticleSystems":false},"in2DMode":false,"pivot":{"x":4.820162773132324,"y":0.9990962743759155,"z":9.902053833007813},"rotation":{"x":-0.32513734698295596,"y":-0.23106953501701356,"z":0.08226063847541809,"w":-0.9133049249649048},"size":8.762659072875977,"orthographic":false}