{"cameraMode":{"drawMode":0,"name":"Shaded","section":"Shading Mode"},"sceneLighting":false,"audioPlay":false,"sceneViewState":{"showFog":true,"showMaterialUpdate":false,"showSkybox":false,"showFlares":true,"showImageEffects":true,"showParticleSystems":true},"in2DMode":false,"pivot":{"x":-11.806745529174805,"y":1.2736833095550538,"z":7.203685760498047},"rotation":{"x":0.048784978687763217,"y":0.946078896522522,"z":-0.17010478675365449,"w":0.2713286280632019},"size":2.459078073501587,"orthographic":false}